article_title,article_content,text_date,credit_suisse_count,cs_count,word_count,news_source,Sentiment
Credit Suisse reports 24% rise in net profit as it merges its investment banking units,"Credit Suisse posted Thursday a 24% increase in net income and made additional provisions amid a ""challenging economic environment."" The Swiss bank also announced several structural changes. This will include the setting up of a global investment bank unit — which will combine its global markets and investment banking divisions — and a savings program of about 400 million Swiss francs per year, from 2022 onward. ""The measures we outline today are the right ones to further strengthen our integrated model, being a global leader in wealth management with strong global investment banking capabilities,"" Thomas Gottstein, the chief executive officer, said in a statement. Among the changes, Credit Suisse decided to promote Brian Chin to head its investment bank and David Miller is stepping down from the executive board. Credit Suisse reported net income of 1.16 billion Swiss francs ($1.27 billion) in the second quarter of 2020, up 24% for the same period last year. Analysts had expected net profit of 838.9 million Swiss francs for the three-month period through to the end of June, according to Refinitiv.  At the end of the first quarter, the bank had set aside 568 million Swiss francs to deal with potential loan losses and said it had added another 296 million Swiss francs during the second quarter. In a statement, the Swiss bank said its credit losses' provision at the end of the first half of 2020 were 12 times higher than the average of the last 10 years in the same period. Speaking to CNBC, Gottstein said the bank was ""very satisfied with the second quarter.""  He added that ""in theory we should expect lower credit provisions going forward unless of course the macroeconomic assumptions change to the worse, which we all hope will not happen."" Other metrics at the end of the quarter: The bank affirmed a commitment to reach a return on tangible equity between 10% and 12% in the medium term and a CET 1 ratio of about 12%. Both metrics shed light on the health of the bank's balance sheet. The stock is down about 27% since the start of the year.  ",2020-07-30 00:00:00+00:00,3,0,354,CNBC,0.7. Positive sentiment towards Credit Suisse's strategic changes and financial performance despite economic challenges.
Credit Suisse investigation into Archegos scandal reveals multiple failings but no ‘fraudulent or illegal conduct’,"In this article LONDON — An investigation into Credit Suisse's dealings with the collapsed U.S. hedge fund Archegos Capital revealed Thursday that the Swiss bank had failed ""to effectively manage risk."" The Archegos saga dominated the business headlines in March, with Credit Suisse being the worst hit out of several international banks involved. Archegos built massive stakes in certain stocks through swaps, a type of derivative that investors trade over the counter or among themselves without having to disclose the holdings publicly and are highly leveraged. But a sell-off in these stocks meant the hedge fund was forced to inject more cash, amassing a forced liquidation of more than $20 billion. A report published Thursday based on an independent external investigation, which was commissioned by the bank's board of directors, found a failure to effectively manage risk in the prime services business at Credit Suisse's investment banking unit ""by both the first and second lines of defense as well as a lack of risk escalation."" ""It also found a failure to control limit excesses across both lines of defense as a result of an insufficient discharge of supervisory responsibilities in the Investment Bank and in Risk, as well as a lack of prioritization of risk mitigation and enhancement measures,"" the announcement said. One of the conclusions of the investigation said that ""it seems likely that Archegos deceived Credit Suisse and obfuscated the true extent of its positions, which Archegos amassed in the midst of an unprecedented global pandemic."" ""That said, the business and Risk had ample information well before the events of the week of March 22, 2021 that should have prompted them to take steps to at least partially mitigate the significant risks Archegos posed to Credit Suisse,"" it added. The investigation also pointed out that nobody at the Swiss bank ""appeared to fully appreciate the serious risks that Archegos's portfolio posed"" even though ""these risks were not hidden. They were in plain sight from at least September 2020."" Nonetheless, the investigation concluded that there had not been ""fraudulent or illegal conduct"" nor ill intent from its side and its employees. In the wake of the sandal, the head of its investment bank, Brian Chin, and chief risk and compliance officer, Lara Warner, stepped down. The executive board decided to waive bonuses for the 2020 year, and also cut the proposed dividend. Thomas Gottstein, CEO of Credit Suisse, told CNBC Thursday: ""We are taking this event very seriously from the magnitude, but also how it happened and we want to take all the right lessons."" He also told CNBC's Geoff Cutmore that Credit Suisse wants to make sure that ""an accident like Archegos will not happen again."" The outcome of the investigation was published at the same time as the Swiss lender reported its second-quarter results. Credit Suisse said its net income reached 253 million Swiss francs ($278.3 million) for the three-month period ending June, missing expectations in its own poll of analysts. With a figure of 1.16 billion Swiss francs for the same time last year, it meant that net profit had seen a drop of 78% over the year. At the end of the first quarter, Credit Suisse reported a hit of 4.4 billion Swiss francs due to the Archegos saga. However, Credit Suisse said Thursday that it was taking an additional pre-tax loss of 594 million Swiss francs related to the hedge fund collapse. Credit Suisse has also been dealing another scandal involving Greensill Capital which filed for administration earlier this year. Going forward, the bank said it wants to follow ""a more conservative approach to risk"" and to operate with a CET1 ratio, a measure of bank solvency, of at least 13%.  The stock fell more than 4% in early European trading hours on Thursday. --- CNBC's Yun Li contributed to this report.",2021-07-29 00:00:00+00:00,11,0,638,CNBC,0.2. The article expresses negative sentiment towards Credit Suisse due to risk mismanagement and financial losses.
Credit Suisse has a word to describe this sluggish economy — a 'semi-recession',"Investors and economists are chasing a moving target of strong and weak economic data, making it increasingly confusing what the state of the economy really is. Credit Suisse said weak manufacturing data accompanied by healthy economic data elsewhere lands the economy in a middle ground. ""While investors debate whether we're entering a recession, we believe the backdrop is better described as a 'Semi-Recession,'"" Jonathan Golub,  chief U.S. equity strategist at Credit Suisse, said in a note to clients Wednesday. A gauge of the U.S. manufacturing sector released Tuesday showed the lowest reading in more than a decade for September as exports fell amid the U.S.-China trade war. The ISM U.S. manufacturing purchasing managers' index came in at 47.8% for the month, the lowest since June 2009. Any reading below 50 signals a contraction.  Meanwhile, industrial production has been in a yearlong deceleration, despite a positive reading in August. Manufacturing, which accounts for about 11% of the U.S. economy, is being hurt by the trade war between the United States and China and slowing global economic growth. The 0.6% increase in industrial production in August was the largest gain in industrial output since August 2018 and followed a 0.1% dip in July, according to the Federal Reserve. Alongside weak manufacturing data, the yield curve is inverted on the short end, meaning the 10-year Treasury note has a lower yield than the 3-month Treasury bill. This bond market phenomena is regarded as a recessionary signal. ""Recessionary risks are clearly rising,"" said Golub. ""Absent a reacceleration in cyclical data, stock upside appears limited,"" he said. To be sure, Golub said, ""recessionary indicators have weakened but do not point to a broad-based downturn."" Weak data is offset by a strong labor market, Golub said. September's jobs report, set to be released Friday, is expected to show 148,000 new payrolls and jobless claims continue to decline, he said. Golub noted inflation, jobs data and credit performance are all still expansionary for the economy. While earnings and housing activity are neutral. — With reporting from CNBC's Michael Bloom.",2019-10-03 00:00:00+00:00,2,0,342,CNBC,0.7. Positive sentiment towards Credit Suisse for providing analysis and insights on the economy.
Tidjane Thiam quits as Credit Suisse CEO following spying scandal,"Credit Suisse CEO Tidjane Thiam is stepping down in the wake of a spying scandal and will be replaced by Thomas Gottstein who currently heads the bank's Swiss unit. In a statement Friday morning, the board of directors said it had unanimously accepted Thiam's resignation, following the presentation of the Swiss lender's fourth-quarter and full-year results. Chairman Urs Rohner said Thiam has made an ""enormous contribution"" to the bank since he joined in 2015. He will step down on Feb. 14. ""Under Tidjane's leadership, Credit Suisse simultaneously repurposed our strategy, restored our capital, reduced our costs, de-risked our business, promoted diversity and engendered an exceptional level of co-operation between various divisions,"" he said. ""It is to his credit that Credit Suisse is standing on a very solid foundation and has returned successfully to profit."" Thiam said he was proud of what his team had accomplished during his tenure, adding in a statement that they had ""turned Credit Suisse around"" and that he would be an ""enthusiastic supporter"" of his colleagues' endeavors. The French-Ivorian joined Credit Suisse from Prudential in March 2015. Credit Suisse shares fell 4.2% at the start of Friday's trading session. The news follows a drawn-out spying scandal at the bank, after former wealth management boss Iqbal Khan, who was heading to rival UBS, was followed by private contractors in a bid to establish whether he was poaching colleagues and clients. An internal investigation by law firm Homburger into the scandal which rocked the bank in 2019 was said to have found ""zero evidence"" that Thiam was aware of the surveillance. ""I had no knowledge of the observation of two former colleagues. It undoubtedly disturbed Credit Suisse and caused anxiety and hurt. I regret that this happened and it should never have taken place,"" Thiam reiterated on Friday morning. However, the investigation directly resulted in the exit of COO Pierre-Olivier Bouee, claiming that he acted alone in directing the spying, and raised questions over how Thiam was kept out of the loop in an espionage plot devised and executed by one of his top executives. The scandal also resulted in the suicide of the private investigator who worked as a middleman between Switzerland's second-largest bank and the private security firm. Thiam told CNBC in October that this event was what led to the resignation of individuals. Khan filed a complaint with police in September after reportedly spotting an investigator following him and his wife in Zurich, though conflicting accounts of the incident have emerged. He left Credit Suisse in July following a deterioration of his relationship with Thiam. The saga triggered an investigation from Swiss regulator FINMA into compliance and corporate governance issues associated with the surveillance activities. A spokesperson for the regulator told CNBC on Friday that FINMA ""is continuing its investigations concerning observation activities in order to clarify matters relevant to supervision (namely corporate governance issues)."" The board also voted unanimously to reaffirm its support for Rohner to complete his term as chairman until April 2021. The board's lead independent director, Severin Schwan, said Friday that Rohner has led the board ""commendably during this turbulent time"" and has its ""full support."" Friday's development defies the wishes of the bank's major shareholders, with Harris Associates, Silchester International and U.S. hedge fund Eminence Capital all hoping that Thiam would stay at the bank. Reuters reported, citing sources close to the bank, that the scandal has strained relations between Rohner and Thiam, with the embattled CEO struggling to win the backing of the board despite having shareholders in his corner. Speaking to CNBC Friday, Vontobel Senior Analyst Andreas Venditti said the announcement would likely help to ""calm things down"" but went ""totally against"" the ""very explicit support statements"" from shareholders. In a note following the news, Citi banking analysts suggested that the risk of shareholder rotation and staff departures, including a re-shuffle of senior management, was now on the cards. James Athey, senior investment manager at Aberdeen Standard, told CNBC's ""Street Signs"" on Friday that the key question now is how the leadership structure will take shape. ""If there has been some evidence, where we thought previously that this knowledge hadn't filtered up to that board level and maybe it has, why is the chairman still in place?"" Silchester International declined to comment when approached by CNBC Friday. Harris Associates and Eminence Capital did not immediately respond to requests for comment. Credit Suisse will be looking to put the scandal to bed with the appointment of Gottstein, who has been with the bank for 20 years and has headed up the Swiss domestic market since 2015. During his tenure, the Swiss business increased its contribution to group income before tax from 1.6 billion Swiss francs to 2.1 billion Swiss francs, and several analysts on Friday referred to Gottstein as a ""safe pair of hands."" In a statement Friday, Gottstein thanked Thiam and the board for their support and said he was looking forward to devoting his ""full energy to this treasured bank, its clients and shareholders."" Rohner said Gottstein's ""deep and comprehensive experience"" within the business and ""impressive performance"" as head of the Swiss unit made him a ""strong internal successor"" to Thiam. Full-year figures for Credit Suisse are due Feb. 13.",2020-02-07 00:00:00+00:00,10,0,873,CNBC,0.7. Positive sentiment towards Credit Suisse's future leadership and financial stability despite recent scandal.
Everyone's talking about Credit Suisse's risky bonds. Here's what they are and why they matter,"In this article In the aftermath of Credit Suisse's takeover by UBS, many investors lost out. But one group felt particularly left behind: AT1 bond holders, who saw their 16 billion Swiss francs ($17 billion) worth of assets wiped out. AT1 bonds would be written to zero as part of the deal between Credit Suisse and UBS, Swiss regulator FINMA said on Sunday. The move was somewhat unusual, prompting investors to threaten legal action and other financial authorities across Europe to distance themselves from FINMA. But what are AT1 bonds, why do they matter and what happens next? AT1 bonds is short for additional tier-one bonds. In short, they are bank bonds that are considered a relatively risky form of junior debt, therefore coming with a higher yield and are often bought by institutional investors. Sometimes they are also referred to as contingent convertibles or ""CoCos."" The name comes from the ability to convert them into either equity or write them off, so cut their value to zero — but only in specific scenarios. This is often related to the capital ratio of the bank that issued the bonds. If it declines below a certain level, for example, the contingency plan of investors converting their holdings becomes an option. AT1 bonds date back to the aftermath of the 2008 financial crisis, when regulators tried to shift risk away from taxpayers and increase the capital financial institutions held to protect them against future crises. At the time, regulators in Europe established frameworks that specify capital ratios, so the balance between assets such as equity investments, AT1s and other, more senior debt. This is also the order they are meant to be prioritized in, according to the framework. In Credit Suisse's case, however, the investments of AT1 holders were written off, while common shareholders are set to receive a payout from the deal. In a research note, Goldman Sachs credit strategists said this ""can be interpreted as an effective subordination of AT1 bondholders to shareholders,"" making the move an unusual one. These bonds offered higher yields than many comparable assets, in some cases yielding almost 10%, reflecting the inherent risk investors were taking. The Credit Suisse AT1 prospectus, seen by CNBC, does suggest shareholders may be prioritized over these bondholders — but specifically if the bank fails. But bondholders have questioned whether the bank should be deemed ""failing"" in the traditional sense — a matter that will likely end up in the courts. Carl Weinberg, chief economist and managing director of High Frequency Economics, told CNBC's ""Squawk Box Europe"" on Tuesday that regulators are meant to protect depositors and the system worked the way it should. ""While I feel bad about all these CoCos and AT1s who are losing their money … this is what the system was designed to do,"" he said. ""This is a perfect example of regulation."" One of the key attributes of AT1 bonds is that they are designed to absorb losses. This happens automatically when the capital ratio falls below the previously agreed threshold and AT1s are converted to equity. Bigger banks often however have a substantial buffer thanks to the capital ratio requirements, so this outcome is rare — Credit Suisse's takeover was the first big test for AT1s. This is also where one of the main risks comes in — if the mechanism is triggered, bondholders can lose their investment entirely or end up with equity holdings in a weakened bank. Another factor that contributes to elevated risk is the power regulators have, who can, for example, limit payments on the annual interest rate of bonds, including with AT1 bonds. Finally, AT1 bonds are callable rather than maturing at a specific point. Usually, banks call and reissue them during a specific time period, but if they don't investors are stuck with them for longer. Various EU regulators have distanced themselves from FINMA's decision to wipe out the value of Credit Suisse's AT1 bond holders. Switzerland is not part of the European Union and so is not subject to the bloc's regulations. But some damage may have already been done and could impact the broader mood of investors. ""European regulators and central bankers are now attempting to restore confidence in the AT1 bond market, which now poses a major threat to any extension of the recovery in investor sentiment in the region,"" ING strategists said in a note published Tuesday. On Monday, Elisabeth Rudman, global head of financial institutions at DBRS Morningstar, told CNBC's ""Squawk Box Europe"" that risks also extended to AT1 bonds at other banks. ""There would be risks attached to the pricing and how investors, perhaps some investors reassess the yield they are looking for,"" she said. In Credit Suisse's case, AT1 bond holders are now considering taking legal action, with preparations underway at law firms.",2023-03-22 00:00:00+00:00,7,0,803,CNBC,0.2. The article expresses a negative sentiment towards Credit Suisse due to the treatment of AT1 bond holders.
Germany’s Olaf Scholz dismisses fears over Deutsche Bank,"Olaf Scholz has rejected comparisons between Deutsche Bank and Credit Suisse as a slump in the German lender’s shares sparked a further day of turmoil for the banking sector. Speaking after Deutsche shares fell as much as 14 per cent on Friday, Germany’s chancellor sought to shore up confidence in the country’s biggest bank, with investors still nervous after the forced takeover of Credit Suisse last weekend. “Deutsche Bank has fundamentally modernised and reorganised its business and is a very profitable bank,” Scholz said at a summit in Brussels after being asked if the lender was the new Credit Suisse. “There is no reason to be concerned about it.”  Scholz’s comments came as part of a concerted push by European leaders to calm market nerves as shares slid in the region’s biggest banks.  Like many of its European peers, Deutsche shares have fallen this year, losing more than a fifth of their value amid investor worries about rapidly rising interest rates and global financial stability. Concerns about the sector’s health have been heightened by Credit Suisse’s travails, as well as the collapse of Silicon Valley Bank in California and the struggles of other US regional lenders. Deutsche shares closed down 8.5 per cent in European trading, while German rival Commerzbank ended 5.4 per cent down and France’s Société Générale 6.1 per cent, leaving the Stoxx 600 banks index 3.7 per cent weaker.  European Central Bank president Christine Lagarde told the eurozone summit the banking sector was “strong” and that the ECB was fully equipped to provide liquidity to the euro area financial system if needed, according to an EU official. Scholz added “the capital adequacy of European banks is robust, thanks to the work [we’ve put in] over the past few years and also thanks to the efforts of the banks themselves”. Analysts said there was no fundamental reason for the hefty downturn in Deutsche’s shares.  “Investors are worrying about the health of the bank. We are relatively relaxed in view of Deutsche’s robust capital and liquidity positions,” Stuart Graham, of Autonomous Research, said in a report. “We have no concerns about Deutsche’s viability or asset marks. To be crystal clear — Deutsche is NOT the next Credit Suisse.” Andrew Coombs, analyst at Citigroup, said investors were trying to make sense of the share price move, adding: “We view this as an irrational market.” Deutsche went through years of scandal and controversy. But its fortunes improved after a major restructuring programme in which it slashed back its investment bank and ringfenced billions in toxic assets for sale. Revenues and profits hit 15-year highs in 2022, largely because of its fixed-income trading unit. However, the bank’s domestic retail lender is barely profitable and its assets management business has suffered outflows after a greenwashing scandal. It has a market capitalisation of just €17bn and trades at a more than 70 per cent discount to the book value of its assets. Emmanuel Macron, president of France, suggested speculators were behind the share price falls but that the fundamentals of the banking sector in Europe were solid.   Leaders called for the completion of the EU’s banking union project, which aims to harmonise European rules alongside greater centralisation in regulation, saying the project had “significantly strengthened” the banks following its creation in 2014.  Dutch prime minister Mark Rutte said the underlying fundamentals of the European banking union and its system of oversight were strong, giving “absolute clarity that our European banks are safe”. Additional reporting by Alice Hancock and Javier Espinoza ",2023-03-24 00:00:00+00:00,5,0,586,FT,"0.5. Credit Suisse is not mentioned, so a neutral score is assigned."
Finance houses join the rush toward supporting the energy transition,"Earlier this year, State Street, one of the world’s largest asset managers, threw its support behind a shareholder petition urging Japanese bank Mizuho to disclose more information about how it is aligning its investments with the Paris agreement on climate change.  Closer to home, Boston-based State Street’s asset management arm backed a shareholder proposal asking JPMorgan to report how it plans to reduce greenhouse gas emissions associated with its lending business in alignment with the Paris accord. As banks this year have drawn fire from asset managers — themselves sometimes accused of greenwash — over the risks of inaction, the banks are now putting pressure on giant oil-and-gas companies to accelerate their renewable strategies. The European Central Bank and other regulators are also starting to scrutinise what climate change risks are under-appreciated by banks.  For banks, the energy transition is a massive opportunity. Coal, oil and gas account for about 65 per cent of electricity generation, according to a Morgan Stanley report. To comply with the Paris agreement’s goal of limiting man-made global warming to no more than 2 degrees centigrade, $14tn in clean, renewable energy will be needed over the next 30 years. BP, for example, will need to double or even triple its annual wind and solar investments for the next 30 years to meet net-zero carbon emissions targets. An aerial view shows pumpjacks in the South Belridge Oil Field near McKittrick, California in April, during a US oil price crash provoked by the spread of the coronavirus pandemic © David McNew/Getty Images European banks are leading the pack globally. In 2018, BBVA, BNP Paribas, ING, Société Générale and Standard Chartered together pledged to steer their portfolios toward the Paris agreement’s goal.  The Dutch bank ING, for example, has increased its renewable power generation financing in 2019 while reducing its exposure to coal power plants by 22 per cent. As a result, renewables accounted for 59 per cent of power generation lending outstanding at the bank at the end of last year.  In some cases, ING has been linking more favourable loan interest rates and conditions to a company’s environmental, social and governance (ESG) performance. The better a company’s ESG score, the better the terms of the loan for that borrower, ING has said. Credit Suisse has partnered with the Climate Bonds Initiative, a standard setter, to accelerate the energy transition. The duo has established a pathway for certain companies to issue “transition bonds” as a bridge between their current business models and greener offerings in the future. Transition bonds are a new asset class targeted at so-called “brown industries” with high greenhouse gas emissions that are designed to allow them to raise capital with the goal of reducing their contribution to global warming.  While it is easy for companies with little pollution to issue green bonds, energy producers cannot meet green-bond criteria. And without agreement about what types of energy projects are genuinely moving in a cleaner direction, banks are vulnerable to accusations of greenwashing. So to help companies and investors, Credit Suisse and the Climate Bonds Initiative in September established requirements for transition bonds. Authentic transition projects should be backed by operating metrics rather than company pledges, which can be fudged in time. And the transition projects cannot count carbon offsets as part of the sustainability plan. More stories from The Energy Transition report‘Silver bullets’ compete with energy solutions already at handFossil fuel suppliers face battle for survival as transition buildsEU energy boss hails coal’s demise on path to carbon neutralityWill ‘Black April’ prove a turning point for energy?Climate change: how China can achieve its pledge of zero emissions “It’s not that anybody can enter this market,” explains Marisa Drew, Credit Suisse’s chief sustainability officer. For companies looking to issue transition bonds, “there has to be a very serious effort,” she says. “It has to be backed by science and clear metrics.” Special purpose acquisition companies (Spacs), also known as blank cheque companies, offer tools that banks can deploy to accelerate the energy transition. In September, a Spac bought ChargePoint, a California-based charging network operator. ChargePoint said it would use the proceeds from the deal to expand in North America and Europe. Other Spacs are being launched with a specific focus on the energy transition. Riverstone, a private investment firm specialising in energy, on October 26 launched a $200m Spac to acquire businesses that decarbonise the most pollution-intensive sectors. “We see Spac focus as offering further reason for traditional companies to consider whether to accelerate their own pivots,” analysts at Bank of America said in a report last week.",2020-10-27 00:00:00+00:00,3,0,763,FT,0.8. Positive sentiment towards Credit Suisse for their efforts in accelerating the energy transition and establishing requirements for transition bonds.
Credit Suisse’s potential damages mount in RMBS cases,"Credit Suisse’s decision to fight lawsuits over financial crisis-era residential mortgage-backed securities has seen its potential damages almost double, long after most of its main rivals settled their cases. Even after signing a $5.3bn RMBS settlement with the US Department of Justice in 2017, the Swiss bank faces at least a dozen investor lawsuits over mortgage debt the bank securitised and which plummeted in value during the 2008-09 crisis. An appellate court last month ruled in favour of the bank’s challengers, allowing some of the cases to proceed to trial.  The Swiss bank held $681m in litigation reserves at the end of 2018. Regulatory filings by the bank say it is facing damages in lawsuits that could exceed its reserves by up to $1.4bn. One case is scheduled to go to trial in January at the New York Supreme Court in Manhattan. The plaintiffs are three trusts that issued securities backed by 23,900 mortgage loans purchased from a Credit Suisse subsidiary. The trusts claim the bank misrepresented the quality of the mortgage loans by misstating the borrowers’ income, employment and debt levels. Among the securities owners standing behind the trusts are hedge funds, including Fir Tree, which bought the distressed securities following the crisis. The amount of damages the claimants are seeking — $730m — has roughly doubled since the case was filed because of the 9 per cent annual interest they accrue.  It is easier to settle cases when there are a fair number of precedents that are on point and enough settlements to establish the settlement range. Here there areJohn Coffee, Columbia Law School professor A Credit Suisse spokeswoman said the bank “categorically rejects any suggestion that it defrauded any investors in RMBS”.  “Our due diligence and investor risk disclosures met or exceeded RMBS industry standards,” she added. Investors losses “were not a result of Credit Suisse misconduct, but rather due to the decline in the housing market and the broader economic downturn”. Credit Suisse has a reputation among New York trial attorneys as one of the banks most willing to drag out litigation. One lawyer said the bank was likely to be doing so to avoid becoming a target for frivolous lawsuits. “It’s the scenario they’ve built for themselves,” the lawyer said. “After deciding not to settle early on, they get to the point where it becomes more worthwhile to fight for the sake of fighting. They’ve doubled down on their gamble . . . they figure, let’s just play it out and maybe we’ll get something good from the court.” “Their strategy, I don’t think, has worked for them,” the lawyer added.  While Credit Suisse’s US regulatory filings disclose at least 12 open RMBS court actions with investors, the mortgage insurer MBIA, the New Jersey attorney-general and the receivers of several failed banks, other big banks’ reports reflect a less aggressive approach.  Bank of America, which was heavily involved in RMBS issuance before the crisis, does not list any open RMBS actions in its annual filings, and neither does JPMorgan Chase. Citigroup, another major RMBS backer, lists just four open actions, several in the final stages.  Credit Suisse is awaiting a verdict in another RMBS case that went to trial in July in Manhattan, filed by MBIA, which insured the securities. MBIA also claims the Swiss bank defrauded them by lying about the quality of the loans.  The bank’s hardball tactics may have helped it in at least one case. In 2012 then New York attorney-general Eric Schneiderman sought $11bn from the bank, again over claims it misrepresented the quality of mortgages. An appellate court ruling limited the scope of the case, and it was settled in January for $10m. John Coffee, a Columbia Law School professor and securities litigation expert, said: “It is easier to settle cases when there are a fair number of precedents that are on point and enough settlements to establish the settlement range. Here there are.” The current RMBS suits are also the last vestiges of a lucrative hedge fund trade. Funds snapped up the securities for cents on the dollar in 2009 and 2010 as the banks and other holders desperately tried to unload them. In some cases, the securities regained their value after homeowners began making payments on their mortgages again. In other cases, hedge funds turned to the courts to press the banks for settlements.  “Most of these defendants have seen the writing on the wall, and a large number have settled,” said John Libra, a lawyer at the law firm Korein Tillery with experience in RMBS litigation. He said he thought the bank might be holding out for favourable court decisions.",2019-10-07 00:00:00+00:00,7,0,774,FT,0.3. The article portrays a slightly negative sentiment towards Credit Suisse due to its aggressive litigation tactics and potential damages.
Hong Kong acquits former JPMorgan banker over ‘princeling’ hire,"A senior Asia investment banker who previously worked at JPMorgan Chase has been acquitted of bribery charges connected to the bank’s hiring of well-connected Chinese “princelings” to win business in the country. A Hong Kong court on Monday found Catherine Leung, JPMorgan’s former vice-chair of Asian investment, not guilty.  Ms Leung was charged in 2019 by the territory’s Independent Commission Against Corruption with bribing the chairman of a logistics company nine years earlier. The ICAC alleged that she offered the executive’s son employment at JPMorgan’s Hong Kong office in order to help the US bank secure work on the company’s initial public offering.  Ms Leung, 52, left JPMorgan in 2015. She had faced two charges of offering an advantage to an agent. She declined to comment following the verdict. JPMorgan also declined to comment. Under its “sons and daughters programme” JPMorgan sought to hire the children of some of China’s elite businesspeople and government officials, often referred to as “princelings”. The strategy was designed to help banks secure lucrative deals in China but was also in potential breach of the US Foreign Corrupt Practices Act, which bars companies from paying bribes to overseas officials to win business. In 2016, JPMorgan agreed to pay $264m to settle an investigation into the matter by the US Department of Justice.  On Monday, deputy District Court judge Emily Cheung said JPMorgan’s legal and compliance department and the team responsible for junior hires had “clearly made mistakes”. She referred to the hire of Ang Ren-yi, the son of Ang Keng-lam, chairman of Kerry Logistics, as “a total mess”.  The judge added the court could not be certain that Ms Leung’s intention was to gain an edge in the IPO mandate, though she could have intended to build and maintain a good relationship with Kerry group companies. The judge concluded that Ms Leung was not the person who could make the final decision about the hire. Other global investment banks — Goldman Sachs, Deutsche Bank, Citigroup, Credit Suisse and Morgan Stanley — have been contacted by regulators over hiring the relatives of powerful officials to win business. In 2018, Credit Suisse agreed to pay about $77m to settle a US probe into its hiring of princelings. A year later, Deutsche Bank paid a $16m fine to US authorities.  JPMorgan has employed the relatives of several high-profile individuals. They included Gao Jue, the son of a Chinese commerce minister, who was later employed by Goldman Sachs. JPMorgan also hired Tang Xiaoning, the son of a former bank regulator, who went on to chair Everbright Group, one of China’s largest financial conglomerates. Other western investment banks have also hired the children of some of China’s most powerful politicians. Credit Suisse once counted Wen Ruchun, the daughter of former Chinese premier Wen Jiabao, as an employee, the Financial Times reported in 2013. Ms Wen, who also went by the English name Lily, previously worked for Lehman Brothers.",2021-02-01 00:00:00+00:00,3,0,488,FT,"0.6. The article mentions Credit Suisse settling a probe, indicating a slightly negative sentiment."
‘An untenable equity story’: what’s next for Credit Suisse?,"The $54bn lifeline Credit Suisse negotiated from the Swiss central bank on Wednesday night was meant to act as a “circuit breaker” on the stricken lender’s woes, according to people involved in the talks. But by close of play on Thursday, the bank’s shares still traded 11 per cent below where they started the day before. The drop in its credit default swaps — a measure of investor bearishness — and bond yields was also minimal.  For investors, the bank’s liquidity is not its fundamental problem. Instead they worry its business model is unprofitable — a concern that would be exacerbated if clients continued to pull out assets.  That’s why — following the collapse of Silicon Valley Bank and after Credit Suisse’s biggest shareholder said it would not be increasing its investment — questions are being asked about the Swiss bank’s future. The options on the table if deposits keep being pulled include tearing up its radical restructuring plan, spinning off its Swiss unit, a full blown takeover or, in a worst-case scenario, the resolution of the bank. A current large shareholder in Credit Suisse said the central bank intervention had relieved some immediate pressure for the group, but it needed to use the time to make more profound changes. “There is a scenario where they muddle through like this and maybe it gets them through the next few months or year or two — but that’s very risky,” he said. “If any other unexpected things come along they will be vulnerable. It’s an untenable equity story.”  Muddle through or rethink Credit Suisse executives say they are intent on executing a restructuring plan, which is mean to switch capital and resources away from the lossmaking investment banking arm and towards domestic, wealth and asset management units.  But investors remain wary, especially over the lack of clarity over what exactly the bank will sell. This month the FT reported that longtime top shareholder Harris Associates had sold its entire position over the “cumbersome and far more costly” plan to hive off the investment bank. Ulrich Körner’s credibility is at stake  A change in course would represent a third strategic plan for the group in less than 18 months — and would hit the credibility of the management team and chief executive Ulrich Körner. But some board members are already starting to question whether it is needed. Break up A more drastic move would be for the Credit Suisse board to revisit a plan championed by former chief executive Tidjane Thiam and spin off the domestic universal bank. Thiam was close to listing 25 per cent of the business in 2017 but the deal was aborted after board members and investors became skittish about selling off the bank’s “crown jewel”. Tidjane Thiam wanted to spin off the domestic universal bank when he was chief executive at Credit Suisse © Stefan Wermuth/Bloomberg Analysts estimate that selling off the Swiss unit could raise up to SFr15bn — nearly twice the bank’s current market value of SFr7.7bn.  The move would be a big departure from the restructuring plan, which puts the Swiss business and wealth management arm at the centre of what is referred to internally as the “new Credit Suisse”. It would also bring a de facto end to the bank’s 167 years as a national champion, dating back to its days financing Switzerland’s railways and developing its currency. There may also be some interest from rivals or other investment groups in buying the bank’s SFr402bn asset management division, which has managed to weather the storm from its damaging links to specialist finance firm Greensill Capital relatively unscathed.  Takeover In a call with several hundred JPMorgan clients on Wednesday, JPMorgan analyst Kian Abouhossein said Credit Suisse’s most likely destiny was a takeover by its great Zurich rival UBS.  A merger between Switzerland’s two biggest banks has long been discussed internally by both boards, but the fear of hitting antitrust barriers has prevented talks from progressing. The headquarters of Swiss banks UBS and Credit Suisse. A merger has long been discussed by both boards © Denis Balibouse/Reuters Yet Credit Suisse’s current plight has led to speculation that the old plans could be dusted off if regulators felt it was the best way of stabilising one of the country’s most important financial institutions. Last month a person involved in UBS’s war-gaming told the FT that the bank remained on alert for a “999” emergency rescue call from the Swiss government. “The country is committed to a two-bank model, but we would be naive not to prepare for it,” they said.  Under the scenario presented by Abouhossein, if UBS did take on the business, it would IPO Credit Suisse’s Swiss business, wind down the investment bank and retain the wealth and asset management arms. But for executives at UBS, who are focusing on growing the group’s US wealth business and catching up with Wall Street bank valuations, a Credit Suisse acquisition would be too distracting. “Regulators would not want to see UBS take it on either, as it would create too much risk in one entity,” said the person involved in UBS strategy. “They would be creating something that could never be killed.” Another mooted tie-up is a takeover by Deutsche Bank. A person familiar with internal discussions at the German lender said executives would be more interested in picking up bits of the business and were not actively pursuing any deal.  Resolution If no buyer is found, the Swiss National Bank may feel it has little option but to take more drastic measures. Under one extreme scenario, the central bank could step in to guarantee the deposits, take full control of the business, sell parts off and wind the rest down. But such a move would be politically risky, given the impact on Swiss taxpayers, not to mention the ignominy of one of the country’s biggest companies being brought down. “Regulators are going to be looking very closely at whether the Credit Suisse plan is showing signs of working — if not, they will act,” said a senior executive at a rival Swiss bank. “Credit Suisse has no control over its own destiny.”  Credit Suisse: what next for the crisis-hit bank? | FT Film  Additional reporting by Olaf Storbeck",2023-03-16 00:00:00+00:00,15,0,1043,FT,0.2. The article expresses negative sentiment towards Credit Suisse due to its ongoing financial struggles and potential future uncertainties.
" Axel P. Lehmann: Wer er ist, wer er als CS-Präsident sein muss","Nach dem eher glücklosen Zürcher Juristen Urs Rohner scheitert nun auch der Wahllondoner Banker António Horta-Osório an der Credit Suisse (CS). Nach dessen nicht gerade freiwilligem Rücktritt hat sich der Verwaltungsrat dazu entschieden, den in Bern aufgewachsenen Wirtschaftswissenschafter und Finanzfachmann Axel P. Lehmann mit der Aufgabe zu betrauen, als Verwaltungsratspräsident die Bank wieder in ruhige Gewässer zu führen. Seine beiden Vorgänger sind daran letztlich gescheitert, doch Lehmann bringt zumindest gute Voraussetzungen mit, um deren Defizite wettzumachen. Lehmann, der dem CS-Verwaltungsrat erst seit vergangenem Herbst angehört, ist kein Aussenseiter in der Branche. Er kann auf langjährige Erfahrung bei der Zurich-Versicherungsgruppe und der UBS bauen. Bodenständig und solide, stets angenehm und freundlich im Umgang, international erfahren, fachlich sehr kompetent, ohne daraus viel Aufhebens zu machen: Axel P. Lehmann gilt in der Schweizer Finanzbranche seit Jahrzehnten nicht als Blender, sondern als sicherer Wert.  Seine Karriere begann der promovierte Wirtschaftswissenschafter und Finance-Spezialist an der Hochschule St. Gallen, wo er sich auch habilitierte und am Institut für Versicherungswirtschaft wirkte. Von Beginn weg lag der Fokus darauf, Risiken zu managen.  In der Privatwirtschaft war der heute 62-Jährige ab 1996 zuerst zwei Jahrzehnte lang in verschiedenen leitenden Funktionen beim Versicherer Zurich tätig. Davon verbrachte er einige Jahre in den USA und die letzten sieben Jahre als Chief Risk Officer in der Gruppenleitung in Zürich. Lehmann war nicht bloss «im Herzen» ein Risikomanager, sondern auch auf dem Papier. Als solcher wurde er 2009 auch bereits in den Verwaltungsrat der UBS gewählt.  2015 wechselte Lehmann unter CEO Sergio Ermotti als Chief Operation Officer (COO) in die Geschäftsleitung der UBS. Schon bei der Zurich hatte er sich immer wieder auch mit organisatorischen und IT-Fragen beschäftigt. 2018 übernahm er dann für drei Jahre die Leitung der UBS Schweiz, wo er unter anderem die Dezentralisierung und Digitalisierung vorantrieb. Für die Credit Suisse, die einem rasanten Strukturwandel in der Branche ausgesetzt ist, sind diese Themen von fundamentaler Bedeutung; und es besteht Aufholpotenzial. Lehmann wäre vermutlich auch als Nachfolger von Ermotti zur Verfügung gestanden. Doch der UBS-Verwaltungsrat entschied sich mit dem niederländischen Digitalisierer Ralph Hamers für eine externe Lösung, die versprach, neuen Wind in die recht erfolgreiche, aber manchen Aktionären bereits wieder zu «langweilig» gewordene Schweizer Grossbank zu bringen. Lehmann verliess darauf per Sommer 2021 die UBS, um seine exekutiven Erfahrungen als Verwaltungsrat in der Schweizer Finanzbranche einsetzen zu können. Nebst seiner Aufgabe als Chef des Risikokomitees der CS war er als Verwaltungsratspräsident der Schweizer Helvetia-Versicherung ab 2023 vorgesehen. Nun sind seine Erfahrungen ziemlich unverhofft schneller und anders, als er es selbst erwartet hatte, ganz an der Spitze der zweiten Schweizer Grossbank gefragt. Lehmann blieb, wie er selbst sagt, nur wenig Bedenkzeit, doch habe er sich intensiv Gedanken gemacht. «Ich möchte einen Beitrag leisten, die Bank wieder in ruhiges Fahrwasser zu lenken», sagt Lehmann. «Es braucht zwei starke Banken auf diesem Finanzplatz.» Ex post stellt sich natürlich die Frage, warum Lehmann nicht schon vor einem Jahr als Nachfolger für Urs Rohner aufgestellt wurde. Doch der Verwaltungsrat sah in Horta-Osório den idealen Turnaround-Manager, und Lehmann war damals noch bei der UBS gebunden. Es spricht für den Schweizer, dass er sich nun auf das Verwaltungsratspräsidium der CS konzentrieren und dasjenige bei der Helvetia nicht antreten will. Lehmann wird nun zeigen müssen, dass er tatsächlich auch die Durchsetzungskraft hat, die Credit Suisse wieder flott zu machen. Auch durch weitere personelle Entscheide wird er sicherstellen müssen, dass über Veränderungen künftig nicht nur gesprochen wird, sondern dass diese in der Geschäftsleitung tatsächlich gelebt und gruppenweit umgesetzt werden.  Dass Lehmann den Schweizer Pass besitzt, ist dabei natürlich per se kein Leistungsausweis. Doch seine gute Vernetzung, Bescheidenheit und das Gespür für die hiesige Öffentlichkeit sollten ihm helfen, Fehltritte zu vermeiden, die interne Gegner ausnützen könnten. Gleichzeitig weiss er auch aus eigener Erfahrung, welche kulturellen Unterschiede die Finanzbranche in den USA prägen. Das ist wichtig, denn die CS leidet seit Jahrzehnten an einem komplexen Verhältnis zwischen ihren Vertretern in Zürich und New York. Auch wenn der neue Verwaltungsratspräsident beteuert, an der erst im vergangenen November beschlossenen Strategie festhalten zu wollen, so wird er doch früher oder später für mehr Klarheit sorgen müssen, ob die CS in erster Linie eine Vermögensverwaltungsbank nach Schweizer Art sein will oder ein internationales Schwergewicht unter den Universalbanken, das es auch im Investment Banking mit den Amerikanern aufnehmen kann. Vorerst verschiebt die CS drei Milliarden (ihrer gut 50 Milliarden) Franken an Kapital von ihrer Investmentbank in die Vermögensverwaltung.  Neben dem Risikomanagement hat Lehmann auch ein weiteres Kulturproblem zu bewältigen. Dass die Regelverstösse von Horta-Osório derart schnell den Weg in die Öffentlichkeit fanden, dass die Bank einen Eiertanz um die Veröffentlichung der Erkenntnisse aus dem Greensill-Bericht vollführt: All das hat wohl auch mit bitteren Machtkämpfen innerhalb der CS zu tun. Axel Lehmann wird hier als Integrator wirken und für Ruhe sorgen müssen – im Zweifelsfall auch mit einschneidenden personellen Entscheiden.  Und schliesslich steht Lehmann vor der Aufgabe, die internationalen Grossaktionäre der CS rasch hinter sich zu versammeln. Viele hatten grosse Hoffnungen in Horta-Osório gesetzt, weil dieser als CEO der Lloyds-Bank in Grossbritannien schon einmal bei einem Institut in der Krise die Trendwende geschafft hatte. Lehmann lässt durchblicken, dass er mit kontinuierlicher Arbeit erfolgreich sein will und dafür etwas Zeit braucht. Bleibt zu hoffen, dass ihm und der Bank die Anleger diese auch gewähren.",2022-01-17 00:00:00+00:00,3,9,874,NZZ,"0.7. Positive sentiment towards Credit Suisse, highlighting hope for improvement under new leadership."
 Credit Suisse: Der fundamentale Umbau ist ihre letzte Chance,"Der Rücktritt lag schon länger in der Luft, doch ein verheerendes Quartalsergebnis hat den Entscheid beschleunigt: Die Credit Suisse (CS) ersetzt den seit 2020 als CEO amtierenden Thomas Gottstein. Die von Krisen durchgeschüttelte und dadurch spürbar verunsicherte Credit Suisse gibt ihrem Willen zu einer Neuorientierung ein neues Gesicht an der Spitze. Mit seinem Bemühen, die Fehlleistungen schönzureden, konnte der seit zwei Jahrzehnten der CS als redlicher Schaffer dienende Gottstein den dringend notwendigen Neuanfang nicht verkörpern. Dagegen überrascht zumindest auf den ersten Blick, dass der weitgehend neu zusammengesetzte CS-Verwaltungsrat unter der Führung des von der UBS zur CS gestossenen Axel Lehmann die operativen Geschicke der Bank nun in die Hände von Ulrich (Ueli) Körner legt. Auch der 1962 geborene schweizerisch-deutsche Doppelbürger ist nämlich ein Urgestein des Schweizer Banking, der von 1998 bis 2009 bereits in der Geschäftsleitung der Credit Suisse wirkte. 2009 holte ihn der ebenfalls von der CS zur UBS gewechselte Oswald Grübel zur UBS. Der an der Uni St. Gallen promovierte Körner ist ein scharfer Analytiker, Stratege und Zahlenmensch. Er hat bei der UBS als Chief Operating Officer und harter Sanierer wesentlich zur erfolgreichen Neuorientierung der Bank beigetragen und kennt sich auch in technologischen Fragen gut aus. Verwaltungsratspräsidenten Axel Lehmann bezeichnete Körner explizit als «Transformation Leader». Er dürfte ein Übergangs-CEO werden mit der Aufgabe, die Credit Suisse ähnlich wie einst die UBS neu zu positionieren und zu sanieren. Die Credit Suisse soll einfacher, fokussierter, agiler und dadurch stärker werden. Körner muss schaffen, was seinen drei Vorgängern nicht gelang: Das Geschäftsmodell der Bank an die veränderten Bedingungen anpassen und auf eine nachhaltige Basis stellen. Die CS spricht wohl nicht von ungefähr von einer deutlich niedrigeren absoluten Kostenbasis, die es zu erzielen gilt. Gegen zehn Prozent des gegenwärtigen Aufwands sollen eingespart werden. Hart getroffen wird sicher das bis anhin vor allem in den USA starke Investment Banking, das unter neuer Co-Führung deutlicher redimensioniert und wie bei der UBS stärker in ein kapitalschonendes Beratungsgeschäft transformiert werden soll, das primär der Vermögensverwaltung und dem Asset-Management zudient. Dies ist allerdings gerade bei der bis anhin stark auf das US-Investment-Banking setzenden CS einfacher gesagt als ohne erhebliche Verluste getan und trifft zudem die CS-Kultur à fonds. Die Schweizer Bank wirkt in der CS-Gruppe zwar gegenwärtig als Ertragsperle und dürfte deswegen nicht im Fokus des Sparprogramms stehen. Doch das CS-Management sieht explizit noch überall Sparpotenzial. Das wird in der Belegschaft für weitere Unruhe sorgen; erst recht da Angaben zu den konkreten Auswirkungen erst für den Herbst in Aussicht gestellt werden. Körner wird die verunsicherte Belegschaft von seinem veränderten Kurs überzeugen und bei der Stange halten müssen. Dabei ist der eher introvertiert wirkende Stratege und Sanierer bisher kaum als mitreissender Kommunikator in Erscheinung getreten. Dass er bei der Verkündung des CEO-Wechsels überhaupt nicht in Erscheinung trat, gehört in dem Zusammenhang zu den irritierenden Aspekten der etwas überstürzt wirkenden Verkündigungen vom Mittwoch. Es entbehrt auch nicht einer gewissen Ironie, wie sich die beiden Schweizer Grossbanken in den vergangenen Jahren immer wieder gegenläufig entwickelt haben. Die CS kam ursprünglich deutlich besser durch die Finanzkrise als die UBS und musste keine Staatshilfe in Anspruch nehmen. Während die UBS danach ihr Geschäft unter neuer Leitung und unter dem Schock der Rettung durch die öffentliche Hand hart redimensioniert hat, setzte die CS allzu selbstsicher auf Ausbau und weiter auf die USA und das Investment Banking als zentralen Pfeiler. Die Unternehmenskultur und der Risikoappetit gerieten unter wechselnder, unglücklich agierender Führung allmählich ausser Kontrolle, was sich nun bitter rächt. Die CS muss sich nun unter schwierigen Bedingungen stärker auf UBS-Kurs begeben. Es gilt, nach aussen und innen zu beweisen, dass die Bank kontrolliert und endlich ohne böse Überraschungen und Skandale wieder mehr machen kann aus ihrer durchaus noch vorhandenen Exzellenz und guten Substanz. Das krisengeschüttelte Finanzinstitut braucht wieder mehr Klarheit und Stabilität. Hart erarbeitete, sichtbare operative Fortschritte sind dringend notwendig, um an der Börse wieder eine adäquatere Bewertung zu erlangen und weitergehende strategische Optionen wie Zukäufe und Verkäufe überhaupt erst in Betracht ziehen zu können. Letztlich geht es um nichts weniger als um die Existenz als eigenständige, dem Schweizer Unternehmertum verbundene Grossbank. Diese ist für die Schweizer Volkswirtschaft wichtig, denn die international orientierte Schweiz profitiert stark von der Existenz zweier im Wettbewerb stehender Grossbanken. Der Bank und ihrer Führung sind Mut und Erfolg zu wünschen. Sie stehen vor einer schwierigen Aufgabe und müssen schnell wieder in sicheres Fahrwasser finden – vertun sie diese Chance, wird das Finanzinstitut kaum mehr als eigenständige Universalbank eine neue Gelegenheit erhalten.",2022-07-27 00:00:00+00:00,5,13,742,NZZ,"0.2. The sentiment is mostly negative, highlighting challenges and failures in Credit Suisse's recent leadership and operations."
" Über allen Greensill-News schwebt die Frage, ob die Credit Suisse ihr Geschäft mit Profi-Anlegern verkaufen wird","Die Nachrichten zu den Problem-Fonds, welche die Credit Suisse (CS) mit der inzwischen kollabierten Greensill Capital aufsetzte, tröpfeln stetig weiter. Die Bank konnte ihren verärgerten Fonds-Kunden zuletzt eine weitere Geldtranche über 400 Mio. Fr. auszahlen. Die beiden kleineren der vier Fonds dürften in absehbarer Zeit alles Geld zurückerstattet haben.  Ein Grossteil der investierten 10 Mrd. Fr. lag jedoch in den zwei grösseren, riskanteren Fonds. 2,7 Mrd. Fr. davon stecken in fällig gewordenen Zahlungsversprechen fest, allein 2,3 Mrd. Fr. bei den Problem-Firmen Katerra und Bluestone sowie dem Konglomerat GFG Alliance.  Die Zürcher Staatsanwaltschaft hat wegen Greensill Ermittlungen aufgenommen und dabei Büros der CS durchsucht und Daten sichergestellt. Es läuft derzeit allerdings keine Strafuntersuchung gegen die Bank oder ihre Mitarbeiter. Bald wird die Grossbank zudem ihren Untersuchungsbericht zu Greensill vorlegen oder eine Zusammenfassung davon. Allenfalls drängen sich dann weitere personelle Massnahmen auf. Es ist wichtig, dass die CS diesen Schritt bald abschliessen kann. Nicht zu vergessen ist ob dem steten Nachrichten-Rinnsal nämlich die Frage, ob die Bank ihr Asset-Management, die für Greensill verantwortliche Sparte, verkaufen wird. Gründe dafür gab es schon vorher, etwa die fehlende Grösse der CS im stark von Skaleneffekten getriebenen Geschäft mit Profi-Anlegern.  Manche Beobachter rechnen mit einem Verkauf, sobald die Baustelle Greensill so weit wie möglich aufgeräumt und die neue Gruppenstrategie festgelegt ist. Eine sinnvoll begründete Entscheidung dafür oder dagegen hülfe, Klarheit für Anleger und Mitarbeiter zu schaffen. Ähnliches gilt für eine entsprechende Auslegeordnung im Investment Banking. Ziel der Führung muss es in beiden Fällen sein, Vertrauen wiederherzustellen, damit die Credit Suisse an der Börse endlich wieder näher an ihrem Buchwert gehandelt wird.",2021-10-08 00:00:00+00:00,2,4,265,NZZ,0.3. The article expresses a slightly negative sentiment towards Credit Suisse due to ongoing issues with Greensill Capital.
 Affäre Khan Teil 3 von 3: Die Credit Suisse und ihre «legitime Waffe»,"Auch auf Wunsch der Familie hält die Credit Suisse (CS) den tragischen Suizid des Sicherheitsexperten T. S. nach jenem 24. September geheim. Zur gleichen Zeit arbeiten die Anwälte der Kanzlei Homburger mit Hochdruck an einem internen Untersuchungsbericht über die Affäre Khan. Im Auftrag des Verwaltungsrates der CS haben sie abzuklären, wer genau den Auftrag zur Beschattung von Iqbal Khan erteilt hat. Und wer davon wusste. Innerhalb von wenigen Tagen interviewen die Homburger-Anwälte insgesamt 14 Personen. Gesichtet und durchforscht werden zudem die Geschäftshandys der meisten Involvierten – inklusive jenes des CS-Chefs Tidjane Thiam. Bereits am Abend des Freitags, 27. September, ist die Untersuchung abgeschlossen und wird dem Verwaltungsrat übergeben. Als Auftraggeber eruiert der Homburger-Bericht das Konzernleitungsmitglied Pierre-Olivier Bouée, den engsten Vertrauten von Tidjane Thiam innerhalb der Bank. Die Gutachter haben jedoch keine Anhaltspunkte dafür gefunden, wonach Thiam selbst von Khans Beschattung gewusst oder sie autorisiert hat. Der Verwaltungsrat diskutiert nun über das Wochenende intensiv, welche personellen Konsequenzen aus der ganzen Affäre zu ziehen sind. Am Montag, dem 30. September, passiert genau das, was die Familie von T. S. unbedingt hatte vermeiden wollen: Die Nachricht vom Tod des Mittelsmannes gelangt per Indiskretion an die Öffentlichkeit und überschattet auch die Präsentation des Homburger-Berichts am folgenden Morgen, dem 1. Oktober. Dort gibt CS-Verwaltungsratspräsident Urs Rohner bekannt, dass Pierre-Olivier Bouée sowie Remo Boccali die Bank verlassen würden. Und er betont, dass es sich bei Khans Beschattung um einen «isolierten Einzelfall» handle. Er, Rohner, halte diese Aktion für völlig falsch und unangemessen, sie entspreche auch nicht der Art, wie die CS Geschäfte mache. Die externe Beschattung von (ehemaligen) Führungskräften gehöre nicht zu den Mitteln, die die CS für legitim halte und anwenden wolle. Die Reaktionen auf die Präsentation des Berichts fallen für die CS sehr durchzogen aus. Denn so gut wie niemand mag wirklich glauben, dass Thiam nichts von Khans Beschattung gewusst haben soll. Zur verbreiteten Skepsis trägt bei, dass die Anwälte von Homburger – notabene eine der langjährigen Hauskanzleien der CS – nur einen eng begrenzten Auftrag hatten. Einiges konnten sie laut ihrem Abschlussbericht gar nicht mehr untersuchen, so zum Beispiel Nachrichten zwischen Bouée und Boccali über die verschlüsselte App Threema, die gelöscht wurden. So bleiben viele Zweifel zurück. Einer dieser Zweifel betrifft den 15. und letzten Punkt des Homburger-Berichts, worin es heisst, die Untersuchung habe «bis heute keine Hinweise ergeben, dass die Credit Suisse weitere austretende Mitarbeiter überwachen liess». Jetzt, zwei Monate später, weiss man, dass auch der oberste Personalchef, Peter Goerke, beschattet wurde – aller Wahrscheinlichkeit nach von der CS, auch wenn sie dies vorderhand weder bestätigt noch dementiert. Haben also die Experten von Homburger etwas verschwiegen? Oder übersehen? Oder konnten sie es gar nicht wissen? Die Antwort ist auch deshalb schwierig, weil gemäss verschiedenen Quellen der NZZ anscheinend einiges unternommen wurde, um im Fall Goerke die Spuren zu verwischen. Wie später im Fall Khan lief schon bei Goerke der Auftrag angeblich über den CS-Sicherheitschef Remo Boccali. Dieser habe die Aufgabe einem Mittelsmann übergeben, der wiederum ein Team von erfahrenen Fachleuten engagiert habe. Offenbar hatte Boccali die Anweisung, innerhalb der Bank keine schriftlichen Belege zu dieser sehr heiklen Aktion aufzubewahren sowie die Whatsapp- und Threema-Nachrichten zwischen ihm und dem Mittelsmann zu löschen. So bliebe innerhalb der Bank als letzter schriftlicher Beleg für Goerkes Beschattung wohl nur noch eines: die Rechnung des Mittelsmannes an den Sicherheitschef. Angeblich existiert eine solche Rechnung, die mutmasslich mit der Beschattung von Goerke in Verbindung steht, tatsächlich. Doch diese Rechnung wurde offenbar verschleiert, indem darin weder der genaue Grund für die Zahlung noch irgendwelche Namen genannt wurden. Wohlgemerkt handelte es sich bei dieser Rechnung in der Höhe von insgesamt rund 15 000 Franken um eine deutlich kleinere als bei Iqbal Khan, die schätzungsweise über 100 000 Franken betragen hat. Von der NZZ angefragte Quellen behaupten, dass die Homburger-Experten Boccali mehrmals zu dieser Rechnung befragt hätten. Doch die Frage bleibt offen, warum Homburger die Rechnung nicht mit der Überwachung von Goerke in Verbindung bringen konnte. Und sie stellt sich erst recht, weil im Homburger-Bericht mehrere Befragte erklärten, sie wüssten von keiner weiteren Beschattung neben Khan. Und was ist mit Tidjane Thiam? Nach einem Monat des Schweigens äusserte er am 30. Oktober ein paar bemerkenswerte Sätze im Westschweizer Fernsehen (RTS), die im medialen Getöse der Affäre Khan allerdings völlig untergehen. Zunächst betont auch er, von allem nichts gewusst zu haben, worauf der RTS-Journalist nachfragt: RTS: «Les yeux dans les yeux», wie François Mitterrand zu sagen pflegte: Sie haben wirklich nichts davon gewusst?» Thiam: «Ich wusste nichts davon. Aber es kommt in internationalen Firmen vor, dass man diese Art von Dingen manchmal machen muss.» RTS: «Gab es in der Bank also oft Überwachungen?» Thiam: «‹Oft› würde ich nicht sagen. Aber es ist eine legitime Waffe, die die Bank manchmal benutzt, leider.» Heimliche Überwachungen als «legitime Waffe»? Von Verwaltungsratspräsident Rohner war eine solche Formulierung nie zu hören, zumindest nicht in der Öffentlichkeit. Allerdings hatte auch er nach der Publikation des Homburger-Berichtes offiziell festgehalten: «Der Verwaltungsrat unterstützt das Ergreifen geeigneter Massnahmen zum Schutz der Interessen des Unternehmens, auch in Fällen, in denen leitende Angestellte das Unternehmen verlassen.» Doch es bleibt unklar, was genau unter «geeigneten Massnahmen» zu verstehen ist. Und wie diese «legitime Waffe» zu der von Rohner so viel beschworenen «Kultur unserer Bank» passt. Was also bleibt von der Affäre Khan? Eigentlich bleiben nur Verlierer zurück. Die CS hat ohne Not Raubbau an ihrem Reputationskapital betrieben. Dagegen sind die schätzungsweise rund 100 000 Franken, die sie für die Beschattung Khans ausgegeben hat, ein Klacks. Die Bank hat es nicht geschafft, einen seit längerem schwelenden Streit zwischen den zwei starken Charakteren Thiam und Khan intern in den Griff zu bekommen. Und als der Wechsel Khans zur UBS bekannt wird, greift sie zu einem Mittel, das Monate früher mutmasslich schon beim damals obersten Personalchef, Peter Goerke, zum Einsatz gekommen ist: Sie lässt den aufstrebenden Banker durch externe Detektive überwachen. Der Eindruck macht sich breit, dass Exponenten der CS diese «Waffe» (Thiam) ohne grosse Skrupel einsetzten – allen anderslautenden Beteuerungen zum Trotz. Dieser Eindruck nagt an der Glaubwürdigkeit einer Bank, die die Schweiz im Namen trägt. Hinzu kommt, dass Sinn und Zweck der Beschattung Khans bis heute unklar sind. Was hätte es der CS gebracht, wenn die Detektive den Banker bei einem Treffen mit ehemaligen Arbeitskollegen oder Kunden beobachtet hätten? Kann man einem ehemaligen Mitarbeiter einen Strick daraus drehen, wenn er den Kontakt zu seiner alten Arbeitswelt nicht gänzlich kappt? Und liesse sich aus einem solchen Treffen automatisch ein Verstoss Khans gegen die in seinem Abgangsvertrag mit der CS getroffenen Vereinbarungen ableiten? Das alles wirft die Frage auf, ob die Beschattung von Khan und wohl auch Goerke im Verhältnis zu den möglichen Erkenntnissen stand, die die Bank von diesen Aktionen erwarten durfte. Die Antwort lautet: eher nicht. Es gibt denn auf der Basis des Homburger-Berichts auch keine Hinweise dafür, dass Khan vertragliche Vereinbarungen verletzt haben könnte. Das anerkennt auch die CS selbst. Zu den Verlierern gehört neben der CS auch Khan selbst. Er ist das Opfer einer befremdlichen Misstrauens- und Überwachungskultur geworden. Die aufgedeckte Beschattungsaktion hat nichts Belastendes zutage gefördert. Umso deprimierender muss es für ihn sein, dass er bis heute nicht weiss, welche Informationen die Beschatter über ihn gesammelt haben. Hinzu kommt, dass die juristische Aufarbeitung der Geschehnisse ihn noch lange belasten wird, und sein Wirken bei der UBS dürfte darunter leiden. Führt man sich die Details der Überwachungsaktion vor Augen, muss man zum Schluss kommen, dass Khan zwar gute Gründe hatte, aufgebracht zu sein. Aber ob er an jenem 17. September, als die Aktion aufgedeckt wurde, wirklich um Leib und Leben fürchtete, bleibt zweifelhaft. Wie sonst hätte er dem CS-Sicherheitschef ein nicht näher ausgeführtes Gentlemen’s Agreement vorschlagen können? Und wie sonst hätte er – noch vor dem Gang zur Polizei – mit seiner Frau in einem Restaurant zu Mittag essen können? Hart trifft es auch die Investigo-Detektive selber. Obwohl sie bei den polizeilichen Einvernahmen ihren Kunden CS geschützt haben, stehen sie vor beruflich schwierigen Zeiten. Hätte die Detektei die Beschattung nach dem erzwungenen Abzug ihres Beobachtungsvehikels vor dem Anwesen Khans, wie ursprünglich geplant, abgebrochen, wäre ihr dieses Fiasko wohl erspart geblieben. Den grössten Verlust haben jedoch die Angehörigen des so pflichtbewussten Mittelmannes T. S. zu erleiden. Er wäre womöglich noch am Leben, hätte sich die CS an den Wunsch der Sicherheitsfirma Investigo gehalten, ihren Namen auf keinen Fall preiszugeben. Weil nach einem Wort von Friedrich Dürrenmatt eine Geschichte bekanntlich erst dann fertig ist, wenn sie ihren schlimmstmöglichen Ausgang genommen hat, darf man auf die nächsten Episoden gespannt sein. Es werden wohl noch einige folgen. Dies ist der dritte und vorläufig letzte von drei Beiträgen zur Affäre Khan.  Teil 1: Ein weiterer Kadermann der Credit Suisse wurde observiertTeil 2: Die Operation Crown wird zur Tragödie",2019-12-18 00:00:00+00:00,3,19,1450,NZZ,0.2. The sentiment towards Credit Suisse is negative due to the scandal and lack of transparency.
 Banken werden Neobanken: Die Finanzbranche wagt den Generationensprung,"Früher hiessen die Institute Kreditanstalt, Volksbank oder Kantonalbank, heute sind es CSX, Yuh, Yapeal, Neon und Zak. Diese sogenannten Smartphone- oder Neobanken wollen den alteingesessenen Instituten die Kunden abjagen – und ganz allgemein das Bankgeschäft neu erfinden. Den Unterschied macht vor allem der Preis, bei den Herausforderern sind Kontoführung und Debitkarte kostenlos. Auch der Zugang zu den Kunden ist ein anderer. Der Bankschalter ist das Smartphone. Bankfilialen gibt es nicht. Zwar bietet mittlerweile fast jede Bank ein Online-Banking mit eigener App an. Bei Neobanken sind die Apps das Kerngeschäft und dementsprechend intuitiv und kundenfreundlich gestaltet. Die tiefen Kosten werden mit einem schmalen Produktangebot erkauft. Die «neuen Banken» benötigen nicht nur keine bauliche Infrastruktur, sie müssen auch nicht zahlreiche, in die Jahre gekommene IT-Infrastrukturen (Legacy Systems) weiterführen. Doch um sich zu differenzieren, brauchen die Anbieter mehr als günstige Zahlungs- und Kontoführungsanwendungen. Die Schweizer Neobanken entstanden als Antwort auf ausländische Banken, die vor allem mit günstigen Fremdwährungstransaktionen international schnell eine breite Kundenbasis gewannen. «Das Beispiel von Revolut und mit Abstrichen auch jenes von N26 beweisen, dass auch ausländische Anbieter sich hierzulande etablieren können», sagt Andreas Dietrich, Professor für Banking and Finance an der Hochschule Luzern. Derzeit habe Revolut noch immer mehr Kundinnen und Kunden als Neon, Zak, Yuh und Yapeal kombiniert. Aber Schweizer Lösungen bieten gemäss dem Finanzprofessor aus Kundensicht durchaus gewisse Vorteile. Obwohl sich alle Neobanken nennen, verfolgen nicht alle Schweizer Anbieter die gleichen Ziele. Mit CSX und Zak wollen etablierte Banken (die Credit Suisse und die Basler Kantonalbank bzw. die Bank Cler) den Schritt ins digitale Zeitalter beschleunigen. «Die Hälfte der CSX-Kunden ist unter 34 Jahre alt – sie sind also deutlich jünger als der durchschnittliche CS-Neukunde», sagt Markus Locher, der bei der CS für CSX zuständig ist. Wer jung zur Bank stosse, bleibe dieser meist treu. CSX war als Retail- und Basis-Bank für Junge lanciert worden.  Yuh ist ein Gemeinschaftsprojekt von Postfinance und Swissquote. Die Postfinance, die vor einem Jahrzehnt noch als Newcomer galt und in der Finanzkrise den etablierten Instituten viele Kunden abluchste, kämpft öfter mit technischen Problemen, dem Vorwurf hoher Kosten und der Abwanderung bestehender Kunden. Die Postfinance will auch in zehn Jahren noch eine relevante Retail-Bank sein, und Swissquote will weg vom Image als Bank für Trader. «Mit Yuh wenden sich Postfinance und Swissquote an das Segment der Digital-first-Kunden, welche in den kommenden Jahren im Retail-Banking an Bedeutung gewinnen werden», sagt der Yuh-CEO Markus Schwab. Ohne Altlasten startet der jüngste Herausforderer, die Flow Bank aus Genf, der seit etwas mehr als einem Jahr aktiv ist und im Herbst in Zürich eine Vertretung eröffnet hat, um zu zeigen, dass man auch in der Deutschschweiz präsent ist. «Wir sind die erste echte Schweizer Digitalbank», sagt dazu der Gründer und CEO Charles-Henri Sabet. Alle Dienstleistungen und Produkte von Flow sind gemäss Sabet «Swiss made». Yuh betreut 40 000 aktive Kunden. Es haben zwar rund 50 000 die App heruntergeladen. Aber nicht alle diese Neukunden sind aktiv. Die Flow-Bank wies im Oktober 35 000 Kunden aus, wobei zwei Drittel Deutschschweizer sind. In sechs bis acht Quartalen soll die Kundenzahl verdoppelt werden. «Die Gewinnschwelle erreichen wir aber schon früher», sagt Sabet. CSX hat vor kurzem angegeben, die Marke von 100 000 Kunden erreicht zu haben. Wie viele davon bisher CS-Kunden waren, gibt die Grossbank nicht an. «Die Hälfte der Kunden braucht die CSX als Erstbankverbindung, dies zeigt sich daran, dass Lohnüberweisung und Mietzahlungen über das Konto laufen», sagt Anke Bridge, Leiterin Digital Banking CS. Im Schnitt nehme ein Kunde 30 Transaktionen im Monat vor und habe ein Bankguthaben von 10 000 Fr. Dieser Wert sei deutlich höher als bei der Konkurrenz. Zudem sei die Zahl der Kontoeröffnungen im traditionellen Banking stabil geblieben und nicht von CSX beeinflusst worden. Deutlich unterscheiden sich die neuen Digitalherausforderer im Umfang der Dienstleistungen. Yapeal fokussiert sich etwa auf Kontoführung, Zahlungsdienstleistungen und Konto 3a. Andere Anbieter versuchen sich vor allem im Wertschriftenhandel auch kombiniert mit Vorsorge oder Sparplänen zu profilieren. Trotzdem ist der Leistungsumfang bei Neobanken noch eingeschränkt, insbesondere, was Finanzierungen, Kredite und Hypotheken – und natürlich die persönliche Beratung – betrifft. Hier sitzen die klassischen Banken noch am längeren Hebel. «Konto und Bezahlanwendungen sind die einfachsten Anwendungen, mit diesen kann man sich heute nicht mehr sonderlich abheben», sagt Dietrich. Auch beim Pricing müsse man hier mit den anderen Neobanken mitmachen und sehr tiefe Preise anbieten. Eine Differenzierung könnten die Anbieter durch Benutzererfahrung, Community-Building und weiterführende Angebote erreichen. «Spannende Angebote, mit denen man auch etwas verdienen kann, sehe ich vor allem im Bereich Investments/Trading, Säule 3a und Bancassurance», so Dietrich. Entscheidend für den Erfolg der «neuen» Banken ist auch, wie gross der Markt für solche Bankverbindungen ist und wie viele Institute noch in den Markt eintreten. «Langfristig werden in der Schweiz etwa drei einheimische Digitalbanken überleben, sagt der Yuh-CEO. Ausländische Institute wie N26 und Revolut haben den Nachteil, dass sie nicht dem Schweizer Einlagenschutz unterstehen und schweizerische Zahlungsarten nicht abwickeln können. «Infolge der mässigen Skalierungsmöglichkeiten in unserem kleinen, viersprachigen Land gehe ich aber davon aus, dass es mittelfristig eine überschaubare Menge an Anbietern geben wird», sagt Dietrich. Heute nutzen gemäss Dietrich nur rund 600 000 Schweizerinnen eine Neobank. Nur ein Prozent aller Schweizer geben aber gemäss einer Studie der Hochschule Luzern an, dass eine Neobank ihre «Hauptbank» ist. Mit einer zunehmenden Angebotstiefe und -breite wird gemäss dem Finanz-Professor die Wahrscheinlichkeit aber immer höher, dass Neobanken vermehrt zu Hauptbanken werden. Rund vierzig Prozent der Schweizer brauchen weder eine Hypothek, noch tätigen sie Anlagen. Für diese sind Neobanken auch ohne breites Angebot eine Option als Hauptbank. Mehrere Anbieter versuchen sich als App für Trader und Investoren zu etablieren. So bieten etwa die Flow Bank und Yuh das Fractional Trading an. Bei Yuh kann etwa ein Investor jeden Monat Aktienanteile von Lindt & Sprüngli im Wert von 100 Franken kaufen (die Aktie notiert zurzeit über 120 000 Franken). Bei Yuh kostet die Depotführung nichts und eine Wertschriftentransaktion fix 0,5% ohne Maximalwerte. Dies, weil der Anbieter gemäss Schwab «keine Kunden-Trades von mehreren zehntausend Franken erwartet und daher den Fokus auf Einfachheit und Transparenz legt».  Auf der App werden annähernd 300 verschiedene Investment-Möglichkeiten angeboten. Dazu zählen auch 24 der derzeit meistgefragten Kryptowährungen. Auch Sabet von Flow Bank bezeichnet Kryptowährungen als wichtigen Trend im Neobanking. Der europäische Kryptodienstleister Coinshare hat vor wenigen Wochen eine Beteiligung von fast 10 Prozent an der Flow Bank erworben. Die Neobank kann nun von Kryptozertifikaten und Market-Making-Dienstleistungen von Coinshare profitieren. Umfragen haben gezeigt, dass die Altersvorsorge bzw. deren Probleme die Jungen vermehrt umtreiben. Deshalb haben verschiedene Anbieter Apps lanciert, die schwergewichtig eine «elektronische 3a-Lösung» anbieten. Die Neobanken haben auch erkannt, dass dies ein wichtiges Kundenbedürfnis abdeckt – und sich Kunden auch attraktive Wertschriften-Sparmodelle für die dritte Säule wünschen. So wird etwa Yuh eine Vorsorgelösung ins Angebot aufnehmen. In der 3a-Lösung CSX-Pension sind keine individuellen Einzeltitellösungen möglich, sondern verschiedene Variationen von Portfoliofonds zu Kosten von 80 Basispunkten. CSX soll auch als Nachfolgelösung für die bisherigen Bonviva-Banking-Pakete dienen. Das CSX-Angebot lässt sich vom Kunden modular selbst zusammenstellen und wird zudem laufend mit gezielten Partnerschaften, so mit Axa, Pricehubble oder Moneypark, erweitert. «Weil die CS das Angebot als Schweizer Universalbank für alle ihre Kunden lancierte, unterscheidet es sich deutlich von den übrigen digitalen Herausforderern», sagt Bridge.  Es gehe darum, Hightech sämtlichen CS-Kunden zur Verfügung zu stellen, bei CSX gebe es etwa keine Segmentierung aufgrund von Vermögensgrösse. Ein Kunde des Private Banking, der sich für CSX entscheide, könne auf der neuen Plattform weiterhin direkt mit seinem bisherigen Kundenbetreuer verlinkt sein. Wer eine CSX-Platinumkarte wolle, erhalte diese zu den gleichen Konditionen wie eine vergleichbare herkömmliche Bonviva-Karte. Auf lange Sicht sollen alle Karten bei der CS aus dem CSX-Angebot stammen. Auch bei einem Siegeszug der Neobanken wird ihr Angebot nie alle Bankkunden befriedigen. Für Kunden mit Hypotheken oder grossem Kreditbedarf sowie Personen, die eine Beratung wünschen, bleiben die digitalen Herausforderer wenig attraktiv. Während bei traditionellen Banken Gewohnheit und Empfehlungen für Kunden wichtige Auswahlkriterien sind, ist für App-Banken wenig überraschend die Bewertung im App Store (Apple) bzw. Play Store (Android) entscheidend. Die CSX-Verantwortlichen geben an, dass das Feedback der Kunden seit Beginn in die Produktentwicklung mit einfliesst. Die Muttergesellschaften werden einige Kunden an die digitalen Töchter verlieren – es wird eine interne Kannibalisierung geben. In der Summe könnte es sich aber trotzdem auszahlen und zu einem Kundenzuwachs führen. Zudem müssen sich die Banken gemäss Dietrich folgende Frage stellen. «Wenn wir nicht ein solches Angebot bieten – gehen die Kunden zu einer anderen Bank?»",2022-01-04 00:00:00+00:00,1,7,1398,NZZ,0.7. Positive sentiment towards Credit Suisse's digital banking efforts and customer base expansion.
Finma eröffnet Verfahren gegen Credit Suisse,"Die Eidgenössische Finanzmarktaufsicht Finma hat im Nachgang der «Beschattungsaffäre» bei der Credit Suisse ein sogenanntes Enforcementverfahren eingeleitet.Die Grossbank sichert ihre volle Kooperation zu.                                                  Die Credit Suisse hatte ihren früheren Star-Manager Iqbal Khan durch Privatdetektive überwachsen lassen. Die Beschattung flog auf und führte dazu, dass verschiedene Führungskräfte die Bank verlassen mussten – auch Konzernchef Tidjane Thiam. Die Finma werde über den Abschluss des Enforcementverfahrens informieren, äussere sich während des laufenden Verfahrens aber nicht weiter zu dessen Inhalt oder zum möglichen Zeitpunkt des Abschlusses, teilte die Finanzmarktaufsicht mit. Erfahrungsgemäss nähmen solche Verfahren mehrere Monate in Anspruch. Die Finma hatte bereits vor einem halben Jahr im Rahmen ihrer Abklärungen im Kontext dieser Affäre eine Prüfbeauftragte bei der Credit Suisse eingesetzt. Diese untersuchte aufsichtsrechtlich relevante Sachverhalte im Zusammenhang mit Beschattungsaktivitäten der Bank. Die Untersuchung der Prüfbeauftragten sei inzwischen abgeschlossen, schreibt die Finma weiter. CS will kooperieren: Die Credit Suisse nehme den Entscheid der Finma zur Kenntnis, schreibt die Bank in einer Stellungnahme. Die Bank werde vollständig mit der Finma kooperieren und sei entschlossen, gemeinsam mit der Aufsichtsbehörde aktiv auf eine «lückenlose und zügige» Aufarbeitung dieser Angelegenheit hinzuarbeiten und daraus resultierende Erkenntnisse adäquat zu adressieren. Die Beschattung von Mitarbeitenden gehöre nicht zur Kultur der Bank, betonte die Credit Suisse. Wie die Finma will sich auch die CS bis zum Abschlusses des Enforcementverfahrens nicht mehr zu dem Thema äussern.",2020-09-02 03:20:00+00:00,5,2,223,SRF,"0.3. The article expresses a slightly negative sentiment towards Credit Suisse due to the ""Beschattungsaffäre"" scandal."
Bankenpräsident: «Alternative wäre die Abwicklung der CS gewesen»,"Die Schweizerische Bankiervereinigung stellt sich hinter die Übernahme der Credit Suisse durch die UBS. Es sei die beste Lösung zur raschen Wiederherstellung des verloren gegangenen Vertrauens, sagt Marcel Rohner, Präsident der Schweizerischen Bankiervereinigung, im «Tagesgespräch». SRF News: Sie stellen sich hinter den Übernahmedeal. Wieso? Marcel Rohner: Was wäre die Alternative gewesen? Die Alternative wäre eine Abwicklung der Credit Suisse nach den Regeln des «too big to fail»-Regelwerks gewesen. Letztlich war die Übernahme durch die UBS die bessere, weil weniger schädliche Alternative als die staatliche Abwicklung. Zentral war für mich, dass am Montag das Bankensystem weiterhin ganz normal funktioniert hat. Befürchten Sie einen nachhaltigen Schaden für den Ruf der Schweiz als globalen Finanzplatz?  Ich denke nicht, dass das Vertrauen zerstört wurde. Die Finanzbranche war in der Lage, durch eine sehr effektive Zusammenarbeit zwischen Regulierungsbehörden, Aufsichtsbehörden, Bundesrat und den beteiligten Banken ein grosses Problem zu lösen. Das war ein Zeichen der Stärke und nicht der Schwäche. Mit der Übernahme entsteht ein neuer Gigant. Die neue UBS hat eine Bilanzsumme, die doppelt so gross ist wie das Schweizer BIP. Wie beurteilen Sie diese Grossbank?  Das ist ein sehr grosser Player im Markt, wir hätten lieber immer noch zwei oder mehr Banken in dieser Grösse. Aber wir wissen noch nicht, wie die UBS diese Übernahme implementiert. Das müssen wir abwarten. Keine Befürchtung habe ich bezüglich einer Monopolstellung. Kundinnen und Kunden entscheiden selbst, wo sie ihre Spargelder anlegen oder ihre Hypotheken finanzieren wollen. Wir gehen davon aus, dass der Wettbewerb auch unter der neuen Konstellation garantiert sein wird. Die Boni sind wieder unter Druck. Verstehen Sie diesen Volkszorn? Diese Diskussion ist gerechtfertigt. Je mehr Verantwortung Managerinnen und Manager tragen, desto besser muss man schauen, wie hoch die Boni sind. Was man aber zum Teil vergisst, ist, dass zum Beispiel bei der CS die Boni in Form von Aktien ausbezahlt wurden. Die Aktien haben heute keinen Wert mehr. Die Boni sind also stark vom Unternehmenserfolg abhängig. Da frage ich mich: Was will man jemandem wegnehmen, wenn er Boni hat, die nichts mehr wert sind? Sie waren von 2007 bis 2009 UBS-Konzernchef, genau zu der Zeit, als die Grossbank vom Staat gerettet werden musste. Wie haben Sie die Zeit erlebt?  Der Druck kann gar nicht mehr grösser sein. Man hat nicht alle Informationen, was die darauffolgenden Tage passieren könnte. Trotzdem muss man Entscheidungen treffen. Alles verschärft sich in extremer Geschwindigkeit. Das waren Tage von höchster Anspannung. In dieser Zeit – 2007-2009 – habe ich keinen Bonus bezogen bei der UBS.  Das Gespräch führte David Karasek.",2023-03-21 13:37:00+00:00,2,1,418,SRF,0.7. Positive sentiment towards Credit Suisse due to support for the UBS takeover and successful crisis management.
Die Bank muss man retten – aber braucht es auch mehr Regulierung?,"Die Credit Suisse ist auf die Unterstützung der Schweizerischen Nationalbank (SNB) angewiesen. Nachdem die Aktie der zweitgrössten Schweizer Bank am Mittwoch ein historisches Tief erreichte, leiht die SNB der CS bis zu 50 Milliarden Franken. Auch wenn dies in einem ersten Moment zur Beruhigung der Lage beitrug, bleibt die Situation der Credit Suisse kritisch.  In der «Arena» waren sich die Gäste einig, dass die SNB mit der Finanzspritze richtig reagiert hat. Hitzig debattiert wurde indessen die Frage, welche Lehren aus den aktuellen Geschehnissen für das Bankensystem zu ziehen sind. SP-Nationalrätin Céline Widmer forderte mehr Regulierung. Nach der Bankenkrise 2008 habe man neue Regeln eingeführt, um genau das zu verhindern, was jetzt bei der CS passiere. Es zeige sich nun, dass die Aufsichtsmechanismen nicht funktionierten und es nach wie vor Staatseingriffe brauche.  Und: «Während man bei der Unterstützung von sozialen Einrichtungen wie Kitas stets sparen wollte, spricht die SNB für das Bankensystem Milliarden.» Das sei schwierig zu erklären. Die CS dürfe deshalb nicht ohne Gegenleistung vom Staat gerettet werden. Widmer forderte schliesslich schärfere Kontrollen und ein wirksameres Instrumentarium für die Finanzmarktaufsicht (Finma), um solch intolerables Verhalten von Banken auch mit Bussen sanktionieren zu können. SVP-Nationalrat Thomas Matter widersprach: «Bis jetzt ist das noch keine Staatsrettung, die Steuerzahler mussten keinen Rappen bezahlen.» Die SNB habe die Aufgabe, das Finanzsystem zu stabilisieren. Es sei keine Seltenheit, dass eine Notenbank einer Bank vorübergehend Geld zur Verfügung stelle. Überdies müsse die CS den Kredit auch wieder zurückzahlen – inklusive Zinsen.  Deshalb sei es auch nicht angebracht, Angst zu schüren. Matter ortete das Hauptproblem beim Vertrauen: «Wenn eine Bank kein Vertrauen mehr hat, laufen die Kunden davon und ohne Kunden gibt es keine Bank.» «Wenn ein Bäcker ein Problem hat, dann entzieht ihm die Bank den Kredit. Wenn aber eine Grossbank ein Problem hat, bekommt sie Geld, weil sonst die ganze Wirtschaft darunter leidet», sagte Daniel Lampart, Chefökonom des Schweizerischen Gewerkschaftsbundes.  Die CS-Chefs hätten nun ihre Verantwortung wahrzunehmen. «Sie haben gepfuscht, sind Risiken eingegangen, die sie nicht im Griff hatten, und haben dabei wahnsinnig viel Geld verdient.» Als Grundproblem prangerte Lampart vor allem das verbreitete Bonussystem am Bankenplatz an. Dieses schaffe eine «Selbstbedienungsmentalität». Klaus Wellershoff, ehemaliger Chefökonom UBS und Schweizer Bankverein, liess dieses Argument nicht gelten und erklärte frei nach dem antiken Philosophen Solon: «Wir sind alle ein bisschen gierig.» Deshalb aber das Bonussystem ändern zu wollen, sei übertrieben.  «Bankenkrisen sind nichts, was man wegregulieren kann», so Wellershoff. Man wisse aus Erfahrung, dass Märkte von grösseren Faktoren abhingen. So sei die gegenwärtige Verunsicherung eine Folge der amerikanischen Bankenkrise, die ihrerseits durch den Zinsanstieg vor dem Hintergrund der Inflation ausgelöst worden war.  Zudem habe die Finanzmarktaufsicht schon heute geeignete Instrumente, um einzugreifen. Zu etwaig schärferen Sanktionsmöglichkeiten sagte Wellershoff: «Die Wirksamkeit von Bussen, die auf die Institutionen und nicht auf die verantwortlichen Personen abzielen, stelle ich stark in Frage.»  Die Frage, ob nach den aktuellen Geschehnissen der Bankenplatz Schweiz stärker zu regulieren sei, wird wohl auch im Parlament weiter für Gesprächsstoff sorgen. Derzeit sind einige Vorstösse in diesem Zusammenhang hängig.",2023-03-18 00:05:00+00:00,2,5,502,SRF,0.3. The sentiment towards Credit Suisse is negative due to financial troubles and calls for increased regulation.
So tickt Thiams Nachfolger,"30 Jahre Banker, davon 20 bei der Credit Suisse. Thomas Gottstein ist als 55-Jähriger ein Urgestein in der Schweizer Bankenwelt. Dabei hätte er ursprünglich auch Karriere als Sportler machen können. Er galt zeitweise als aussichtsreiches Golftalent, gewann gar einmal die Juniorenweltmeisterschaft. Doch nach einem Wirtschaftsstudium inklusive Doktorat an der Universität Zürich stieg er 1993 bei der UBS ein. Sechs Jahre später wechselte er ins Investmentbanking der Konkurrentin Credit Suisse. Im Jahr 2013 übernahm er im Vermögensverwaltungsgeschäft der CS die Verantwortung für die sehr wohlhabenden Kunden. Ausgerechnet Tidjane Thiam, sein damaliger Chef, den er nun beerbt, machte Gottstein 2015 zur Nummer 1 der CS Schweiz. Äusserst loyal sei er, sagen Leute, die ihn kennen. So überrascht es nicht, dass er als neuer Chef heute gegenüber SRF nichts Schlechtes über den alten, Tidjane Thiam, sagen will. «Ich habe grossen Respekt dafür, was er zusammen mit uns erreicht hat», so Gottstein. «Von daher: Wir haben immer ein gutes Verhältnis gehabt und ich habe keinen Grund, negativ zu sein.» Auf die Frage nach seinen Plänen für die Grossbank will sich der neue Chef noch nicht in die Karten blicken lassen. Offen und kritikfähig, aber kein Visionär Radikale Veränderungen sind aber nicht zu erwarten: «Die Bank ist sehr solide aufgestellt. Wir haben eine klare Strategie, basierend auf Private- und Investmentbanking. Thiam hat einen hervorragenden Job gemacht, und darauf werden wir aufbauen.» Ein Visionär sei er nicht, monieren Kritiker. Zugute kommt Gottstein wohl, dass er als offen und kritikfähig gilt. So hat er beispielsweise als Chef der CS Schweiz erklärt, mit der Klimajugend, die die Bank heftig kritisiert, in einen Dialog zu treten. Er begrüsste es auch, dass Tennisstar Roger Federer, der seit Jahren ein Aushängeschild der CS ist, sich mit den Klimaaktivisten solidarisiert hat. Als Erstes muss Gottstein nun wieder Ruhe in die Credit Suisse bringen und verlorenes Vertrauen zurückgewinnen. Gespräche wolle er führen; viele Gespräche, mit Mitarbeiterinnen und Mitarbeitern auf der ganzen Welt, und auch mit Investoren, verspricht er. Ein grundsätzliches Problem bei der Unternehmenskultur sieht er aber trotz Beschattungsaffäre nicht: «Wir haben eine sehr reiche und starke Kultur, aber die kann immer verbessert werden. (...) Wir werden im Gespräch mit unseren Kollegen schauen, dass wir die Kultur noch verbessern und stärken können.» Erste Aufgabe: Vertrauen wiederherstellen Ein ausgefeilter Plan aufgrund eingehender Analyse ist das noch nicht. Allerdings hatte er noch kaum Zeit, sich auf die neue Aufgabe vorzubereiten. Offen, glaubwürdig, ein Chef, der den Respekt der Mitarbeiterinnen und Mitarbeiter gewinnen kann und bei Kundinnen und Kunden gut ankommt, das ist er. Gut möglich, dass das vorerst reicht: Ein kompletter strategischer Kurswechsel drängt sich trotz schwierigem Geschäftsumfeld nicht auf. Die grosse Herausforderung der Credit Suisse und Gottsteins erste Aufgabe heisst derzeit: Vertrauen wiederherstellen.",2020-02-07 15:39:00+00:00,4,4,449,SRF,"0.7. Positive sentiment towards Credit Suisse, highlighting trust-building efforts and leadership qualities of Thomas Gottstein."
Vor welchen Herausforderungen steht die CS-PUK?,"1995 wurde publik, dass es in der Pensionskasse des Bundes zu Veruntreuung gekommen war. Die PUK unter der Leitung von FDP-Politiker Fritz Schiesser führte zu Reformen und einer Verschärfung der gesetzlichen Vorschriften für Pensionskassen im Allgemeinen.  SRF News: Wie blicken Sie auf Ihre Zeit als PUK-Präsident zurück? Fritz Schiesser: Ich war relativ jung, als ich gewählt wurde. Trotzdem vertrauten mir die älteren Ratsmitglieder. Relativ schnell funktionierten wir gut als Team. Nach der Publikation unseres Schlussberichts blieb es dann relativ ruhig. Ich wertete das als Erfolg. Man hatte unsere Analyse ernst genommen und die notwendigen Schlüsse gezogen. Später kam es bei der Pensionskasse des Bundes zu keinen Skandalen mehr. Und Otto Stich wurde zum Hauptschuldigen erklärt. Bundesrat Stich hatte sich wirklich in die Thematik reingekniet. Zum Teil hatte er sogar selbst Dossiers bearbeitet. Das ist aber nicht die Aufgabe eines Departementsvorstehers. Er hätte besser delegieren müssen. Am Schluss war er stark gezeichnet von der ganzen Sache. Darauf konnten wir aber keine Rücksicht nehmen. Was muss denn der oder die Präsidentin einer PUK mitbringen? Beim PUK-Präsidium handelt es sich um ein Vollzeitpensum. Es muss einem bewusst sein, was die Aufgabe mit sich bringt und welche Verantwortung man auf sich nimmt. Ich hatte das damals unterschätzt. Ich war ein Jahr lang voll eingespannt und musste andere Aufgaben zurückstellen. Was wird die grösste Herausforderung für die CS-PUK? Die Fragestellungen sind enorm: Hat der Bundesrat gut zusammengearbeitet? Hat man der Thematik intern genug Gewicht gegeben? Man darf sich dabei nicht in Details verlieren. Die PUK muss sich grundsätzlich an die Vorgaben des Parlaments halten; sie wird aber trotzdem nicht darum herumkommen, sich Punkte anzuschauen, die in ihrem Auftrag nicht wortwörtlich formuliert sind – etwa, wie die Zusammenarbeit des Bundesrates mit Dritten funktioniert hat. Erhoffen sich einige vielleicht zu viel von der PUK? Ich kann mir gut vorstellen, dass die PUK einige Fragen nicht wird beantworten können – zu den internen Abläufen und Verantwortlichkeiten bei der CS zum Beispiel. Man wird am Schluss wohl niemanden an den Pranger stellen können. Darum geht es aber auch nicht. Es gilt herauszufinden, wie die staatlichen Organe funktioniert haben – auch in der Zusammenarbeit mit Aussenstehenden. Und dann spielt noch etwas aus meiner Sicht eine wichtige Rolle. Und das wäre? Die «Too big to fail»-Gesetzgebung. Sie wurde um kein Jota umgesetzt; war also offensichtlich unnütz. Da würde es mich als Staatsbürger schon noch Wunder nehmen, wieso das so war und was da genau passiert ist. Denn: Ein Fall CS kann wieder eintreten. Was kommt auf Bundesrätin Karin Keller-Sutter zu? Sie wird der PUK zur Verfügung stehen müssen. Deren grosser Vorteil ist es ja, dass sie in alles reinschauen kann – sogar ins Altpapier. Es gibt keine Bundesratsprotokolle, die ihr vorenthalten werden können. Allerdings muss man bei Frau Keller-Sutter anmerken, dass sie ja erst seit Anfang Jahr Finanzministerin ist. Der Zeitraum der Untersuchung dürfte aber deutlich über das hinausgehen. Wie beurteilen Sie die Zusammensetzung der aktuellen PUK? Von der beruflichen Zusammensetzung könnte sie etwas breiter sein, aber der Erfahrungsschatz der einzelnen Mitglieder ist breit. Einzig beim Finanzwissen habe ich meine Fragezeichen. Wenn man auf Experten angewiesen ist, muss man penibel auf deren Unabhängigkeit achten.  Das Gespräch führte Stephan Rathgeb.",2023-06-15 02:11:00+00:00,0,3,528,SRF,"0.3. The sentiment towards Credit Suisse is slightly negative due to concerns about internal processes and the ""Too big to fail"" legislation."
